{"cameraMode":{"drawMode":0,"name":"Shaded","section":"Shading Mode"},"sceneLighting":true,"audioPlay":false,"sceneViewState":{"showFog":true,"showMaterialUpdate":false,"showSkybox":true,"showFlares":true,"showImageEffects":true,"showParticleSystems":true,"showVisualEffectGraphs":true,"m_FxEnabled":true},"in2DMode":false,"pivot":{"x":-0.03448787331581116,"y":0.9014467000961304,"z":0.12105458974838257},"rotation":{"x":0.11140405386686325,"y":0.5159062743186951,"z":-0.06787566095590592,"w":0.8468065857887268},"size":1.8247246742248536,"orthographic":false}