{"cameraMode":{"drawMode":0,"name":"Shaded","section":"Shading Mode"},"sceneLighting":true,"audioPlay":false,"sceneViewState":{"showFog":true,"showMaterialUpdate":false,"showSkybox":true,"showFlares":true,"showImageEffects":true,"showParticleSystems":true,"showVisualEffectGraphs":true,"m_FxEnabled":true},"in2DMode":false,"pivot":{"x":1.2276018857955933,"y":1.2408523559570313,"z":36.15861892700195},"rotation":{"x":0.012156630866229535,"y":-0.6900671124458313,"z":0.011608988046646119,"w":0.7235888242721558},"size":0.9722949266433716,"orthographic":false}